case_id,slide_id,label,time
PrimaryTumor_HE_001,PrimaryTumor_HE_001,no,2258.0
PrimaryTumor_HE_002,PrimaryTumor_HE_002,yes,357.0
PrimaryTumor_HE_004,PrimaryTumor_HE_004,no,2996.0
PrimaryTumor_HE_005,PrimaryTumor_HE_005,yes,1202.0
PrimaryTumor_HE_009,PrimaryTumor_HE_009,no,1617.0
PrimaryTumor_HE_010,PrimaryTumor_HE_010,no,1462.0
PrimaryTumor_HE_011,PrimaryTumor_HE_011,no,1785.0
PrimaryTumor_HE_012,PrimaryTumor_HE_012,yes,974.0
PrimaryTumor_HE_014,PrimaryTumor_HE_014,no,1843.0
PrimaryTumor_HE_015,PrimaryTumor_HE_015,yes,374.0
PrimaryTumor_HE_016,PrimaryTumor_HE_016,yes,238.0
PrimaryTumor_HE_017,PrimaryTumor_HE_017,yes,459.0
PrimaryTumor_HE_018,PrimaryTumor_HE_018,no,2794.0
PrimaryTumor_HE_020,PrimaryTumor_HE_020,no,2610.0
PrimaryTumor_HE_021,PrimaryTumor_HE_021,yes,817.0
PrimaryTumor_HE_022,PrimaryTumor_HE_022,no,4670.0
PrimaryTumor_HE_024,PrimaryTumor_HE_024,no,1552.0
PrimaryTumor_HE_025,PrimaryTumor_HE_025,no,3284.0
PrimaryTumor_HE_026,PrimaryTumor_HE_026,no,2442.0
PrimaryTumor_HE_028,PrimaryTumor_HE_028,yes,650.0
PrimaryTumor_HE_030,PrimaryTumor_HE_030,no,2490.0
PrimaryTumor_HE_031,PrimaryTumor_HE_031,no,4032.0
PrimaryTumor_HE_032,PrimaryTumor_HE_032,no,1679.0
PrimaryTumor_HE_033,PrimaryTumor_HE_033,no,3023.0
PrimaryTumor_HE_034,PrimaryTumor_HE_034,no,1924.0
PrimaryTumor_HE_036,PrimaryTumor_HE_036,yes,419.0
PrimaryTumor_HE_036,PrimaryTumor_HE_036_a,yes,419.0
PrimaryTumor_HE_038,PrimaryTumor_HE_038,no,2932.0
PrimaryTumor_HE_039,PrimaryTumor_HE_039,yes,471.0
PrimaryTumor_HE_040,PrimaryTumor_HE_040,yes,89.0
PrimaryTumor_HE_042,PrimaryTumor_HE_042,no,1821.0
PrimaryTumor_HE_043,PrimaryTumor_HE_043,yes,281.0
PrimaryTumor_HE_045,PrimaryTumor_HE_045,no,3187.0
PrimaryTumor_HE_047,PrimaryTumor_HE_047,no,4228.0
PrimaryTumor_HE_049,PrimaryTumor_HE_049,yes,1314.0
PrimaryTumor_HE_050,PrimaryTumor_HE_050,yes,1382.0
PrimaryTumor_HE_051,PrimaryTumor_HE_051,no,1476.0
PrimaryTumor_HE_053,PrimaryTumor_HE_053,no,4260.0
PrimaryTumor_HE_056,PrimaryTumor_HE_056,yes,263.0
PrimaryTumor_HE_057,PrimaryTumor_HE_057,no,1854.0
PrimaryTumor_HE_059,PrimaryTumor_HE_059,no,4006.0
PrimaryTumor_HE_065,PrimaryTumor_HE_065,yes,923.0
PrimaryTumor_HE_071,PrimaryTumor_HE_071,yes,127.0
PrimaryTumor_HE_072,PrimaryTumor_HE_072,no,2511.0
PrimaryTumor_HE_073,PrimaryTumor_HE_073,no,3232.0
PrimaryTumor_HE_074,PrimaryTumor_HE_074,no,2219.0
PrimaryTumor_HE_075,PrimaryTumor_HE_075,no,2442.0
PrimaryTumor_HE_077,PrimaryTumor_HE_077,no,2575.0
PrimaryTumor_HE_086,PrimaryTumor_HE_086,no,2079.0
PrimaryTumor_HE_093,PrimaryTumor_HE_093,no,3722.0
PrimaryTumor_HE_095,PrimaryTumor_HE_095,no,4233.0
PrimaryTumor_HE_098,PrimaryTumor_HE_098,no,2257.0
PrimaryTumor_HE_099,PrimaryTumor_HE_099,yes,468.0
PrimaryTumor_HE_101,PrimaryTumor_HE_101,yes,420.0
PrimaryTumor_HE_102,PrimaryTumor_HE_102,yes,999.0
PrimaryTumor_HE_104,PrimaryTumor_HE_104,yes,243.0
PrimaryTumor_HE_105,PrimaryTumor_HE_105,yes,147.0
PrimaryTumor_HE_106,PrimaryTumor_HE_106,no,3133.0
PrimaryTumor_HE_109,PrimaryTumor_HE_109,no,1870.0
PrimaryTumor_HE_112,PrimaryTumor_HE_112,no,3287.0
PrimaryTumor_HE_115,PrimaryTumor_HE_115,no,2267.0
PrimaryTumor_HE_119,PrimaryTumor_HE_119,no,2984.0
PrimaryTumor_HE_121,PrimaryTumor_HE_121,no,3204.0
PrimaryTumor_HE_122,PrimaryTumor_HE_122,no,2829.0
PrimaryTumor_HE_124,PrimaryTumor_HE_124,no,1463.0
PrimaryTumor_HE_125,PrimaryTumor_HE_125,no,2755.0
PrimaryTumor_HE_126,PrimaryTumor_HE_126,no,2264.0
PrimaryTumor_HE_127,PrimaryTumor_HE_127,no,2396.0
PrimaryTumor_HE_128,PrimaryTumor_HE_128,yes,772.0
PrimaryTumor_HE_130,PrimaryTumor_HE_130,no,1945.0
PrimaryTumor_HE_133,PrimaryTumor_HE_133,yes,115.0
PrimaryTumor_HE_138,PrimaryTumor_HE_138,no,2186.0
PrimaryTumor_HE_139,PrimaryTumor_HE_139,no,3470.0
PrimaryTumor_HE_140,PrimaryTumor_HE_140,no,1931.0
PrimaryTumor_HE_141,PrimaryTumor_HE_141,no,3012.0
PrimaryTumor_HE_142,PrimaryTumor_HE_142,no,2739.0
PrimaryTumor_HE_144,PrimaryTumor_HE_144,no,2961.0
PrimaryTumor_HE_146,PrimaryTumor_HE_146,yes,254.0
PrimaryTumor_HE_149,PrimaryTumor_HE_149,no,1806.0
PrimaryTumor_HE_152,PrimaryTumor_HE_152,no,1519.0
PrimaryTumor_HE_153,PrimaryTumor_HE_153,yes,196.0
PrimaryTumor_HE_155,PrimaryTumor_HE_155,no,1484.0
PrimaryTumor_HE_158,PrimaryTumor_HE_158,yes,308.0
PrimaryTumor_HE_159,PrimaryTumor_HE_159,no,1760.0
PrimaryTumor_HE_160,PrimaryTumor_HE_160,no,4234.0
PrimaryTumor_HE_162,PrimaryTumor_HE_162,no,1896.0
PrimaryTumor_HE_165,PrimaryTumor_HE_165,no,3522.0
PrimaryTumor_HE_170,PrimaryTumor_HE_170,yes,301.0
PrimaryTumor_HE_171,PrimaryTumor_HE_171,yes,636.0
PrimaryTumor_HE_172,PrimaryTumor_HE_172,no,1504.0
PrimaryTumor_HE_175,PrimaryTumor_HE_175,no,2814.0
PrimaryTumor_HE_176,PrimaryTumor_HE_176,yes,412.0
PrimaryTumor_HE_179,PrimaryTumor_HE_179,no,2275.0
PrimaryTumor_HE_181,PrimaryTumor_HE_181,yes,133.0
PrimaryTumor_HE_182,PrimaryTumor_HE_182,no,2442.0
PrimaryTumor_HE_187,PrimaryTumor_HE_187,no,1520.0
PrimaryTumor_HE_188,PrimaryTumor_HE_188,yes,196.0
PrimaryTumor_HE_189,PrimaryTumor_HE_189,no,1896.0
PrimaryTumor_HE_190,PrimaryTumor_HE_190,no,3038.0
PrimaryTumor_HE_194,PrimaryTumor_HE_194,no,2379.0
PrimaryTumor_HE_200,PrimaryTumor_HE_200,no,1799.0
PrimaryTumor_HE_205,PrimaryTumor_HE_205,no,2311.0
PrimaryTumor_HE_206,PrimaryTumor_HE_206,no,2366.0
PrimaryTumor_HE_209,PrimaryTumor_HE_209,no,2679.0
PrimaryTumor_HE_211,PrimaryTumor_HE_211,yes,501.0
PrimaryTumor_HE_212,PrimaryTumor_HE_212,no,2174.0
PrimaryTumor_HE_215,PrimaryTumor_HE_215,no,3043.0
PrimaryTumor_HE_218,PrimaryTumor_HE_218,yes,229.0
PrimaryTumor_HE_219,PrimaryTumor_HE_219,yes,339.0
PrimaryTumor_HE_221,PrimaryTumor_HE_221,no,2533.0
PrimaryTumor_HE_222,PrimaryTumor_HE_222,no,3788.0
PrimaryTumor_HE_229,PrimaryTumor_HE_229,no,3629.0
PrimaryTumor_HE_232,PrimaryTumor_HE_232,no,2445.0
PrimaryTumor_HE_238,PrimaryTumor_HE_238,no,2269.0
PrimaryTumor_HE_244,PrimaryTumor_HE_244,no,2030.0
PrimaryTumor_HE_245,PrimaryTumor_HE_245,no,1629.0
PrimaryTumor_HE_246,PrimaryTumor_HE_246,no,3024.0
PrimaryTumor_HE_248,PrimaryTumor_HE_248,no,1958.0
PrimaryTumor_HE_249,PrimaryTumor_HE_249,no,1551.0
PrimaryTumor_HE_251,PrimaryTumor_HE_251,no,4145.0
PrimaryTumor_HE_251,PrimaryTumor_HE_251_a,no,4145.0
PrimaryTumor_HE_252,PrimaryTumor_HE_252,no,1631.0
PrimaryTumor_HE_253,PrimaryTumor_HE_253,yes,88.0
PrimaryTumor_HE_254,PrimaryTumor_HE_254,no,2331.0
PrimaryTumor_HE_256,PrimaryTumor_HE_256,no,1610.0
PrimaryTumor_HE_257,PrimaryTumor_HE_257,no,2249.0
PrimaryTumor_HE_258,PrimaryTumor_HE_258,no,2064.0
PrimaryTumor_HE_261,PrimaryTumor_HE_261,no,2885.0
PrimaryTumor_HE_262,PrimaryTumor_HE_262,no,3197.0
PrimaryTumor_HE_263,PrimaryTumor_HE_263,yes,147.0
PrimaryTumor_HE_264,PrimaryTumor_HE_264,yes,60.0
PrimaryTumor_HE_269,PrimaryTumor_HE_269,no,1716.0
PrimaryTumor_HE_271,PrimaryTumor_HE_271,no,1832.0
PrimaryTumor_HE_274,PrimaryTumor_HE_274,no,1745.0
PrimaryTumor_HE_275,PrimaryTumor_HE_275,no,1818.0
PrimaryTumor_HE_276,PrimaryTumor_HE_276,no,1888.0
PrimaryTumor_HE_278,PrimaryTumor_HE_278,yes,264.0
PrimaryTumor_HE_279,PrimaryTumor_HE_279,no,2308.0
PrimaryTumor_HE_283,PrimaryTumor_HE_283,no,4097.0
PrimaryTumor_HE_284,PrimaryTumor_HE_284,no,2415.0
PrimaryTumor_HE_285,PrimaryTumor_HE_285,no,2086.0
PrimaryTumor_HE_286,PrimaryTumor_HE_286,no,2919.0
PrimaryTumor_HE_289,PrimaryTumor_HE_289,yes,713.0
PrimaryTumor_HE_290,PrimaryTumor_HE_290,no,2824.0
PrimaryTumor_HE_293,PrimaryTumor_HE_293,no,2682.0
PrimaryTumor_HE_294,PrimaryTumor_HE_294,yes,204.0
PrimaryTumor_HE_295,PrimaryTumor_HE_295,yes,191.0
PrimaryTumor_HE_298,PrimaryTumor_HE_298,yes,161.0
PrimaryTumor_HE_301,PrimaryTumor_HE_301,yes,261.0
PrimaryTumor_HE_303,PrimaryTumor_HE_303,yes,383.0
PrimaryTumor_HE_304,PrimaryTumor_HE_304,no,1563.0
PrimaryTumor_HE_306,PrimaryTumor_HE_306,yes,274.0
PrimaryTumor_HE_307,PrimaryTumor_HE_307,no,3325.0
PrimaryTumor_HE_308,PrimaryTumor_HE_308,yes,743.0
PrimaryTumor_HE_309,PrimaryTumor_HE_309,no,1996.0
PrimaryTumor_HE_311,PrimaryTumor_HE_311,no,1574.0
PrimaryTumor_HE_314,PrimaryTumor_HE_314,yes,720.0
PrimaryTumor_HE_315,PrimaryTumor_HE_315,no,1679.0
PrimaryTumor_HE_316,PrimaryTumor_HE_316,yes,359.0
PrimaryTumor_HE_317,PrimaryTumor_HE_317,yes,200.0
PrimaryTumor_HE_319,PrimaryTumor_HE_319,no,2608.0
PrimaryTumor_HE_321,PrimaryTumor_HE_321,no,4963.0
PrimaryTumor_HE_322,PrimaryTumor_HE_322,no,1941.0
PrimaryTumor_HE_324,PrimaryTumor_HE_324,yes,609.0
PrimaryTumor_HE_325,PrimaryTumor_HE_325,yes,185.0
PrimaryTumor_HE_326,PrimaryTumor_HE_326,yes,438.0
PrimaryTumor_HE_328,PrimaryTumor_HE_328,yes,384.0
PrimaryTumor_HE_331,PrimaryTumor_HE_331,yes,945.0
PrimaryTumor_HE_334,PrimaryTumor_HE_334,yes,567.0
PrimaryTumor_HE_336,PrimaryTumor_HE_336,no,1901.0
PrimaryTumor_HE_337,PrimaryTumor_HE_337,yes,258.0
PrimaryTumor_HE_338,PrimaryTumor_HE_338,no,1547.0
PrimaryTumor_HE_339,PrimaryTumor_HE_339,no,1629.0
PrimaryTumor_HE_340,PrimaryTumor_HE_340,yes,287.0
PrimaryTumor_HE_342,PrimaryTumor_HE_342,no,1599.0
PrimaryTumor_HE_343,PrimaryTumor_HE_343,no,2254.0
PrimaryTumor_HE_344,PrimaryTumor_HE_344,no,2330.0
PrimaryTumor_HE_345,PrimaryTumor_HE_345,no,2822.0
PrimaryTumor_HE_346,PrimaryTumor_HE_346,no,1479.0
PrimaryTumor_HE_347,PrimaryTumor_HE_347,no,1838.0
PrimaryTumor_HE_349,PrimaryTumor_HE_349,yes,64.0
PrimaryTumor_HE_350,PrimaryTumor_HE_350,no,3007.0
PrimaryTumor_HE_353,PrimaryTumor_HE_353,no,2233.0
PrimaryTumor_HE_356,PrimaryTumor_HE_356,yes,328.0
PrimaryTumor_HE_357,PrimaryTumor_HE_357,no,1680.0
PrimaryTumor_HE_358,PrimaryTumor_HE_358,no,2372.0
PrimaryTumor_HE_359,PrimaryTumor_HE_359,yes,1210.0
PrimaryTumor_HE_360,PrimaryTumor_HE_360,no,1612.0
PrimaryTumor_HE_361,PrimaryTumor_HE_361,no,1553.0
PrimaryTumor_HE_362,PrimaryTumor_HE_362,no,2494.0
PrimaryTumor_HE_363,PrimaryTumor_HE_363,no,1699.0
PrimaryTumor_HE_364,PrimaryTumor_HE_364,no,2845.0
PrimaryTumor_HE_366,PrimaryTumor_HE_366,no,2612.0
PrimaryTumor_HE_367,PrimaryTumor_HE_367,no,2217.0
PrimaryTumor_HE_368,PrimaryTumor_HE_368,no,1484.0
PrimaryTumor_HE_369,PrimaryTumor_HE_369,no,3760.0
PrimaryTumor_HE_370,PrimaryTumor_HE_370,yes,54.0
PrimaryTumor_HE_371,PrimaryTumor_HE_371,no,3751.0
PrimaryTumor_HE_372,PrimaryTumor_HE_372,no,2475.0
PrimaryTumor_HE_381,PrimaryTumor_HE_381,yes,945.0
PrimaryTumor_HE_383,PrimaryTumor_HE_383,yes,1305.0
PrimaryTumor_HE_384,PrimaryTumor_HE_384,yes,169.0
PrimaryTumor_HE_385,PrimaryTumor_HE_385,yes,86.0
PrimaryTumor_HE_389,PrimaryTumor_HE_389,no,3088.0
PrimaryTumor_HE_390,PrimaryTumor_HE_390,no,1751.0
PrimaryTumor_HE_391,PrimaryTumor_HE_391,yes,670.0
PrimaryTumor_HE_393,PrimaryTumor_HE_393,no,2499.0
PrimaryTumor_HE_396,PrimaryTumor_HE_396,no,2737.0
PrimaryTumor_HE_397,PrimaryTumor_HE_397,no,2149.0
PrimaryTumor_HE_398,PrimaryTumor_HE_398,no,2578.0
PrimaryTumor_HE_402,PrimaryTumor_HE_402,no,2728.0
PrimaryTumor_HE_403,PrimaryTumor_HE_403,yes,804.0
PrimaryTumor_HE_405,PrimaryTumor_HE_405,yes,13.0
PrimaryTumor_HE_409,PrimaryTumor_HE_409,no,1676.0
PrimaryTumor_HE_410,PrimaryTumor_HE_410,no,2911.0
PrimaryTumor_HE_411,PrimaryTumor_HE_411,no,2428.0
PrimaryTumor_HE_412,PrimaryTumor_HE_412,no,2436.0
PrimaryTumor_HE_413,PrimaryTumor_HE_413,no,2789.0
PrimaryTumor_HE_415,PrimaryTumor_HE_415,yes,353.0
PrimaryTumor_HE_418,PrimaryTumor_HE_418,yes,388.0
PrimaryTumor_HE_419,PrimaryTumor_HE_419,no,2669.0
PrimaryTumor_HE_420,PrimaryTumor_HE_420,no,2853.0
PrimaryTumor_HE_421,PrimaryTumor_HE_421,yes,405.0
PrimaryTumor_HE_423,PrimaryTumor_HE_423,no,3037.0
PrimaryTumor_HE_424,PrimaryTumor_HE_424,yes,135.0
PrimaryTumor_HE_427,PrimaryTumor_HE_427,no,2810.0
PrimaryTumor_HE_429,PrimaryTumor_HE_429,yes,696.0
PrimaryTumor_HE_430,PrimaryTumor_HE_430,no,1720.0
PrimaryTumor_HE_432,PrimaryTumor_HE_432,yes,237.0
PrimaryTumor_HE_433,PrimaryTumor_HE_433,yes,1118.0
PrimaryTumor_HE_434,PrimaryTumor_HE_434,yes,683.0
PrimaryTumor_HE_436,PrimaryTumor_HE_436,yes,250.0
PrimaryTumor_HE_437,PrimaryTumor_HE_437,yes,182.0
PrimaryTumor_HE_439,PrimaryTumor_HE_439,yes,309.0
PrimaryTumor_HE_441,PrimaryTumor_HE_441,no,2807.0
PrimaryTumor_HE_443,PrimaryTumor_HE_443,no,2744.0
PrimaryTumor_HE_444,PrimaryTumor_HE_444,no,2038.0
PrimaryTumor_HE_447,PrimaryTumor_HE_447,no,1641.0
PrimaryTumor_HE_451,PrimaryTumor_HE_451,no,2167.0
PrimaryTumor_HE_452,PrimaryTumor_HE_452,no,2695.0
PrimaryTumor_HE_453,PrimaryTumor_HE_453,no,2310.0
PrimaryTumor_HE_454,PrimaryTumor_HE_454,no,3053.0
PrimaryTumor_HE_461,PrimaryTumor_HE_461,no,1919.0
PrimaryTumor_HE_462,PrimaryTumor_HE_462,no,2169.0
PrimaryTumor_HE_464,PrimaryTumor_HE_464,yes,129.0
PrimaryTumor_HE_465,PrimaryTumor_HE_465,no,1955.0
PrimaryTumor_HE_466,PrimaryTumor_HE_466,yes,224.0
PrimaryTumor_HE_467,PrimaryTumor_HE_467,no,2260.0
PrimaryTumor_HE_468,PrimaryTumor_HE_468,no,1807.0
PrimaryTumor_HE_469,PrimaryTumor_HE_469,no,1496.0
PrimaryTumor_HE_470,PrimaryTumor_HE_470,yes,1279.0
PrimaryTumor_HE_472,PrimaryTumor_HE_472,no,1771.0
PrimaryTumor_HE_475,PrimaryTumor_HE_475,no,3275.0
PrimaryTumor_HE_477,PrimaryTumor_HE_477,yes,926.0
PrimaryTumor_HE_478,PrimaryTumor_HE_478,no,1673.0
PrimaryTumor_HE_479,PrimaryTumor_HE_479,no,2040.0
PrimaryTumor_HE_482,PrimaryTumor_HE_482,no,3222.0
PrimaryTumor_HE_483,PrimaryTumor_HE_483,no,4118.0
PrimaryTumor_HE_484,PrimaryTumor_HE_484,yes,427.0
PrimaryTumor_HE_485,PrimaryTumor_HE_485,no,2512.0
PrimaryTumor_HE_486,PrimaryTumor_HE_486,no,4500.0
PrimaryTumor_HE_488,PrimaryTumor_HE_488,no,2584.0
PrimaryTumor_HE_490,PrimaryTumor_HE_490,no,1494.0
PrimaryTumor_HE_492,PrimaryTumor_HE_492,no,3124.0
PrimaryTumor_HE_493,PrimaryTumor_HE_493,no,1843.0
PrimaryTumor_HE_494,PrimaryTumor_HE_494,no,2312.0
PrimaryTumor_HE_500,PrimaryTumor_HE_500,no,2502.0
PrimaryTumor_HE_502,PrimaryTumor_HE_502,yes,518.0
PrimaryTumor_HE_503,PrimaryTumor_HE_503,no,1941.0
PrimaryTumor_HE_504,PrimaryTumor_HE_504,no,1581.0
PrimaryTumor_HE_506,PrimaryTumor_HE_506,yes,947.0
PrimaryTumor_HE_507,PrimaryTumor_HE_507,yes,58.0
PrimaryTumor_HE_509,PrimaryTumor_HE_509,no,3337.0
PrimaryTumor_HE_510,PrimaryTumor_HE_510,yes,356.0
PrimaryTumor_HE_520,PrimaryTumor_HE_520,yes,285.0
PrimaryTumor_HE_521,PrimaryTumor_HE_521,yes,49.0
PrimaryTumor_HE_525,PrimaryTumor_HE_525,no,1675.0
PrimaryTumor_HE_527,PrimaryTumor_HE_527,no,3728.0
PrimaryTumor_HE_528,PrimaryTumor_HE_528,no,3178.0
PrimaryTumor_HE_530,PrimaryTumor_HE_530,yes,460.0
PrimaryTumor_HE_531,PrimaryTumor_HE_531,no,2578.0
PrimaryTumor_HE_532,PrimaryTumor_HE_532,no,3232.0
PrimaryTumor_HE_534,PrimaryTumor_HE_534,no,2455.0
PrimaryTumor_HE_538,PrimaryTumor_HE_538,yes,138.0
PrimaryTumor_HE_539,PrimaryTumor_HE_539,yes,132.0
PrimaryTumor_HE_542,PrimaryTumor_HE_542,no,1546.0
PrimaryTumor_HE_543,PrimaryTumor_HE_543,no,2055.0
PrimaryTumor_HE_545,PrimaryTumor_HE_545,no,2400.0
PrimaryTumor_HE_547,PrimaryTumor_HE_547,no,2540.0
PrimaryTumor_HE_549,PrimaryTumor_HE_549,yes,370.0
PrimaryTumor_HE_551,PrimaryTumor_HE_551,yes,1192.0
PrimaryTumor_HE_552,PrimaryTumor_HE_552,no,4515.0
PrimaryTumor_HE_553,PrimaryTumor_HE_553,no,2200.0
PrimaryTumor_HE_554,PrimaryTumor_HE_554,yes,189.0
PrimaryTumor_HE_555,PrimaryTumor_HE_555,yes,100.0
PrimaryTumor_HE_560,PrimaryTumor_HE_560,no,3549.0
PrimaryTumor_HE_563,PrimaryTumor_HE_563,no,1885.0
PrimaryTumor_HE_565,PrimaryTumor_HE_565,no,1798.0
PrimaryTumor_HE_567,PrimaryTumor_HE_567,no,2876.0
PrimaryTumor_HE_568,PrimaryTumor_HE_568,no,2786.0
PrimaryTumor_HE_570,PrimaryTumor_HE_570,yes,412.0
PrimaryTumor_HE_572,PrimaryTumor_HE_572,yes,1069.0
PrimaryTumor_HE_573,PrimaryTumor_HE_573,yes,892.0
PrimaryTumor_HE_575,PrimaryTumor_HE_575,no,3486.0
PrimaryTumor_HE_577,PrimaryTumor_HE_577,no,3031.0
PrimaryTumor_HE_579,PrimaryTumor_HE_579,yes,510.0
PrimaryTumor_HE_580,PrimaryTumor_HE_580,no,1735.0
PrimaryTumor_HE_581,PrimaryTumor_HE_581,no,1771.0
PrimaryTumor_HE_582,PrimaryTumor_HE_582,no,2569.0
PrimaryTumor_HE_583,PrimaryTumor_HE_583,yes,68.0
PrimaryTumor_HE_588,PrimaryTumor_HE_588,yes,153.0
PrimaryTumor_HE_589,PrimaryTumor_HE_589,no,1474.0
PrimaryTumor_HE_589,PrimaryTumor_HE_589_a,no,1474.0
PrimaryTumor_HE_590,PrimaryTumor_HE_590,no,3973.0
PrimaryTumor_HE_591,PrimaryTumor_HE_591,yes,230.0
PrimaryTumor_HE_594,PrimaryTumor_HE_594,yes,1123.0
PrimaryTumor_HE_599,PrimaryTumor_HE_599,no,2693.0
PrimaryTumor_HE_600,PrimaryTumor_HE_600,no,3198.0
PrimaryTumor_HE_601,PrimaryTumor_HE_601,no,3017.0
PrimaryTumor_HE_602,PrimaryTumor_HE_602,yes,254.0
PrimaryTumor_HE_603,PrimaryTumor_HE_603,no,1848.0
PrimaryTumor_HE_604,PrimaryTumor_HE_604,yes,398.0
PrimaryTumor_HE_607,PrimaryTumor_HE_607,yes,1083.0
PrimaryTumor_HE_608,PrimaryTumor_HE_608,no,2379.0
PrimaryTumor_HE_609,PrimaryTumor_HE_609,no,3571.0
PrimaryTumor_HE_610,PrimaryTumor_HE_610,no,1498.0
PrimaryTumor_HE_611,PrimaryTumor_HE_611,no,2327.0
PrimaryTumor_HE_613,PrimaryTumor_HE_613,no,1625.0
PrimaryTumor_HE_614,PrimaryTumor_HE_614,yes,1021.0
PrimaryTumor_HE_615,PrimaryTumor_HE_615,no,3352.0
PrimaryTumor_HE_616,PrimaryTumor_HE_616,yes,304.0
PrimaryTumor_HE_617,PrimaryTumor_HE_617,yes,1190.0
PrimaryTumor_HE_618,PrimaryTumor_HE_618,no,2436.0
PrimaryTumor_HE_619,PrimaryTumor_HE_619,no,1775.0
PrimaryTumor_HE_621,PrimaryTumor_HE_621,yes,476.0
PrimaryTumor_HE_622,PrimaryTumor_HE_622,no,2056.0
PrimaryTumor_HE_623,PrimaryTumor_HE_623,no,2861.0
PrimaryTumor_HE_624,PrimaryTumor_HE_624,no,2640.0
PrimaryTumor_HE_625,PrimaryTumor_HE_625,yes,344.0
PrimaryTumor_HE_627,PrimaryTumor_HE_627,no,2463.0
PrimaryTumor_HE_628,PrimaryTumor_HE_628,no,3302.0
PrimaryTumor_HE_630,PrimaryTumor_HE_630,yes,79.0
PrimaryTumor_HE_631,PrimaryTumor_HE_631,yes,259.0
PrimaryTumor_HE_632,PrimaryTumor_HE_632,no,1967.0
PrimaryTumor_HE_634,PrimaryTumor_HE_634,no,2569.0
PrimaryTumor_HE_635,PrimaryTumor_HE_635,yes,160.0
PrimaryTumor_HE_636,PrimaryTumor_HE_636,no,3202.0
PrimaryTumor_HE_638,PrimaryTumor_HE_638,no,2901.0
PrimaryTumor_HE_641,PrimaryTumor_HE_641,no,2913.0
PrimaryTumor_HE_645,PrimaryTumor_HE_645,yes,287.0
PrimaryTumor_HE_646,PrimaryTumor_HE_646,no,3517.0
PrimaryTumor_HE_647,PrimaryTumor_HE_647,no,1747.0
PrimaryTumor_HE_648,PrimaryTumor_HE_648,yes,247.0
PrimaryTumor_HE_649,PrimaryTumor_HE_649,no,4221.0
PrimaryTumor_HE_650,PrimaryTumor_HE_650,no,1617.0
PrimaryTumor_HE_652,PrimaryTumor_HE_652,no,3169.0
PrimaryTumor_HE_653,PrimaryTumor_HE_653,yes,1345.0
PrimaryTumor_HE_654,PrimaryTumor_HE_654,no,1954.0
PrimaryTumor_HE_657,PrimaryTumor_HE_657,no,2366.0
PrimaryTumor_HE_658,PrimaryTumor_HE_658,no,1706.0
PrimaryTumor_HE_660,PrimaryTumor_HE_660,no,2605.0
PrimaryTumor_HE_661,PrimaryTumor_HE_661,no,3600.0
PrimaryTumor_HE_662,PrimaryTumor_HE_662,yes,95.0
PrimaryTumor_HE_663,PrimaryTumor_HE_663,no,1803.0
PrimaryTumor_HE_665,PrimaryTumor_HE_665,no,2474.0
PrimaryTumor_HE_669,PrimaryTumor_HE_669,no,2383.0
PrimaryTumor_HE_670,PrimaryTumor_HE_670,no,1805.0
PrimaryTumor_HE_671,PrimaryTumor_HE_671,yes,285.0
PrimaryTumor_HE_673,PrimaryTumor_HE_673,no,3295.0
PrimaryTumor_HE_675,PrimaryTumor_HE_675,no,1862.0
PrimaryTumor_HE_679,PrimaryTumor_HE_679,yes,434.0
PrimaryTumor_HE_680,PrimaryTumor_HE_680,yes,345.0
PrimaryTumor_HE_681,PrimaryTumor_HE_681,yes,300.0
PrimaryTumor_HE_684,PrimaryTumor_HE_684,no,1651.0
PrimaryTumor_HE_687,PrimaryTumor_HE_687,no,1540.0
PrimaryTumor_HE_689,PrimaryTumor_HE_689,no,2625.0
PrimaryTumor_HE_691,PrimaryTumor_HE_691,yes,1169.0
PrimaryTumor_HE_693,PrimaryTumor_HE_693,no,3002.0
PrimaryTumor_HE_694,PrimaryTumor_HE_694,yes,74.0
PrimaryTumor_HE_698,PrimaryTumor_HE_698,no,1834.0
PrimaryTumor_HE_700,PrimaryTumor_HE_700,yes,398.0
PrimaryTumor_HE_701,PrimaryTumor_HE_701,yes,1430.0
PrimaryTumor_HE_702,PrimaryTumor_HE_702,yes,269.0
PrimaryTumor_HE_703,PrimaryTumor_HE_703,yes,659.0
PrimaryTumor_HE_704,PrimaryTumor_HE_704,yes,311.0
PrimaryTumor_HE_705,PrimaryTumor_HE_705,no,2106.0
PrimaryTumor_HE_706,PrimaryTumor_HE_706,no,1517.0
PrimaryTumor_HE_707,PrimaryTumor_HE_707,no,1784.0
PrimaryTumor_HE_709,PrimaryTumor_HE_709,yes,199.0
PrimaryTumor_HE_711,PrimaryTumor_HE_711,no,1914.0
PrimaryTumor_HE_712,PrimaryTumor_HE_712,no,2189.0
PrimaryTumor_HE_713,PrimaryTumor_HE_713,yes,1372.0
PrimaryTumor_HE_714,PrimaryTumor_HE_714,yes,778.0
PrimaryTumor_HE_716,PrimaryTumor_HE_716,no,2332.0
PrimaryTumor_HE_719,PrimaryTumor_HE_719,yes,91.0
PrimaryTumor_HE_721,PrimaryTumor_HE_721,yes,852.0
PrimaryTumor_HE_722,PrimaryTumor_HE_722,yes,590.0
PrimaryTumor_HE_725,PrimaryTumor_HE_725,yes,250.0
PrimaryTumor_HE_726,PrimaryTumor_HE_726,no,1988.0
PrimaryTumor_HE_727,PrimaryTumor_HE_727,yes,447.0
PrimaryTumor_HE_731,PrimaryTumor_HE_731,yes,362.0
PrimaryTumor_HE_732,PrimaryTumor_HE_732,no,2660.0
PrimaryTumor_HE_732,PrimaryTumor_HE_732_a,no,2660.0
PrimaryTumor_HE_733,PrimaryTumor_HE_733,no,5163.0
PrimaryTumor_HE_734,PrimaryTumor_HE_734,yes,548.0
PrimaryTumor_HE_735,PrimaryTumor_HE_735,yes,356.0
PrimaryTumor_HE_736,PrimaryTumor_HE_736,yes,187.0
PrimaryTumor_HE_738,PrimaryTumor_HE_738,no,1967.0
PrimaryTumor_HE_740,PrimaryTumor_HE_740,yes,252.0
PrimaryTumor_HE_743,PrimaryTumor_HE_743,no,3072.0
PrimaryTumor_HE_745,PrimaryTumor_HE_745,no,1855.0
PrimaryTumor_HE_746,PrimaryTumor_HE_746,no,1646.0
PrimaryTumor_HE_747,PrimaryTumor_HE_747,yes,579.0
PrimaryTumor_HE_751,PrimaryTumor_HE_751,no,2270.0
PrimaryTumor_HE_752,PrimaryTumor_HE_752,no,2848.0
PrimaryTumor_HE_758,PrimaryTumor_HE_758,no,3253.0
PrimaryTumor_HE_760,PrimaryTumor_HE_760,yes,132.0
PrimaryTumor_HE_761,PrimaryTumor_HE_761,yes,606.0
PrimaryTumor_HE_762,PrimaryTumor_HE_762,no,1644.0
PrimaryTumor_HE_763,PrimaryTumor_HE_763,no,1689.0
